Movie Name,Rating,Quality,Release Year
Seoul Vibe,4.7,HD,2023
Samaritan,N/A,CAM,2023
Back Door,5.3,HD,2023
Bullet Proof,3.7,HD,2023
The Violence Action,N/A,CAM,2023
Guns of Eden,5.5,HD,2023
Sniper: Rogue Mission,N/A,HD,2023
Shark Side of the Moon,5.7,HD,2023
Day Shift,2.4,HD,2023
Shark Waters,4.7,HD,2023
Office Invasion,5.5,HD,2023
Free Dead or Alive,N/A,CAM,2023
Carter,6.7,HD,2023
One Piece Film Red,4.8,HD,2023
Stowaway,6.7,HD,2023
Rise of the Teenage Mutant Ninja Turtles: The Movie,5.5,HD,2023
Prey,4.8,HD,2023
Warriors of Future,4.1,HD,2023
Emergency Declaration,6.5,HD,2023
Bring Him Back Dead,5.9,HD,2023
Kung Fu Ghost,8,HD,2023
Bullet Train Down,5.8,HD,2023
WWE SummerSlam 2022,4.8,HD,2023
The Moderator,7.2,HD,2023
Paradise Highway,4.1,HD,2023
Secret Society 2: Never Enough,4.4,HD,2023
Dead Zone,2.5,HD,2023
Ek Villain Returns,5.7,HD,2023
Hansan: Rising Dragon,6.9,HD,2023
DC League of Super-Pets,5.4,HD,2023
Green Lantern: Beware My Power,4.7,HD,2023
Alienoid,5.6,HD,2023
